{
  "cases": {
    "102079802619f236c9be5a4078677429": "chooseProducts -> putIntoCart -> checkout -> selectVoucher -> choosePayment -> receivePackage -> writeReview -> giveRating -> getShopeePoints",
    "396715155619f240eee4ef5034336089": "chooseProducts",
    "303363318619f24b64e2108006787978": "chooseProducts -> putIntoCart -> checkout -> selectVoucher -> choosePayment -> receivePackage -> fileComplaint -> requestRefund -> confirmRequest -> refund -> finishComplaint -> writeReview -> giveRating -> getShopeePoints",
    "895236751619f255669e183084969779": "chooseProducts -> putIntoCart -> checkout -> selectVoucher -> choosePayment -> uploadReceipt -> receivePackage -> fileComplaint -> requestRefund -> confirmRequest -> refund -> finishComplaint -> writeReview -> giveRating -> getShopeePoints",
    "506983653619f25c8b004c3092884848": "chooseProducts -> putIntoCart -> checkout -> selectVoucher -> choosePayment -> uploadReceipt -> receivePackage -> fileComplaint -> requestChange -> confirmRequest -> change -> finishComplaint -> writeReview -> giveRating -> getShopeePoints",
    "266647822619f260e5e6ce6066768144": "chooseProducts -> putIntoCart -> checkout -> selectVoucher -> choosePayment -> receivePackage -> fileComplaint -> requestChange -> confirmRequest -> change -> finishComplaint -> writeReview -> giveRating -> getShopeePoints",
    "947515126619f26491168c8014218055": "chooseProducts -> putIntoCart -> checkout -> selectVoucher -> choosePayment -> uploadReceipt -> receivePackage -> writeReview -> giveRating -> getShopeePoints",
    "766644284619f269ea2cb79009653788": "chooseProducts -> putIntoCart -> checkout -> choosePayment -> receivePackage -> writeReview -> giveRating -> getShopeePoints",
    "685394232619f26dfe366b3077907689": "chooseProducts -> putIntoCart -> checkout -> choosePayment -> uploadReceipt -> receivePackage -> writeReview -> giveRating -> getShopeePoints",
    "830103593619f2721af1d35097239033": "chooseProducts -> putIntoCart -> checkout -> choosePayment -> receivePackage -> fileComplaint -> requestRefund -> confirmRequest -> refund -> finishComplaint -> writeReview -> giveRating -> getShopeePoints",
    "571814001619f275d7c0914084415359": "chooseProducts -> putIntoCart -> checkout -> choosePayment -> uploadReceipt -> receivePackage -> fileComplaint -> requestRefund -> confirmRequest -> refund -> finishComplaint -> writeReview -> giveRating -> getShopeePoints",
    "218307583619f27dc8bbe36044002304": "chooseProducts -> putIntoCart -> checkout -> choosePayment -> receivePackage -> fileComplaint -> requestChange -> confirmRequest -> change -> finishComplaint -> writeReview -> giveRating -> getShopeePoints",
    "888240733619f28131560b8028324833": "chooseProducts -> putIntoCart -> checkout -> choosePayment -> uploadReceipt -> receivePackage -> fileComplaint -> requestChange -> confirmRequest -> change -> finishComplaint -> writeReview -> giveRating -> getShopeePoints",
    "659035275619f348328f084081755561": "chooseProducts -> putIntoCart -> checkout -> selectVoucher -> choosePayment -> uploadReceipt -> receivePackage -> giveRating -> writeReview -> getShopeePoints",

    "AAA734660304619f3500703208078993809": "chooseProducts -> putIntoCart -> checkout -> choosePayment -> receivePackage -> fileComplaint -> requestChange -> confirmRequest -> change -> finishComplaint -> giveRating -> writeReview -> getShopeePoints",
    "AAA500502037619f37aa4bd084095559166": "chooseProducts -> putIntoCart -> checkout -> choosePayment -> receivePackage -> fileComplaint -> requestChange -> confirmRequest -> change -> finishComplaint -> giveRating -> writeReview -> getShopeePoints",

    "708112172619f356a397ee4038465747": "chooseProducts -> putIntoCart -> checkout -> selectVoucher -> choosePayment -> uploadReceipt -> receivePackage -> fileComplaint -> requestChange -> confirmRequest -> change -> finishComplaint -> giveRating -> writeReview -> getShopeePoints",
    "384235717619f35cbc261c0013984216": "chooseProducts -> putIntoCart -> checkout -> selectVoucher -> choosePayment -> uploadReceipt -> receivePackage -> fileComplaint -> requestRefund -> confirmRequest -> refund -> finishComplaint -> giveRating -> writeReview -> getShopeePoints",
    "169067021619f3624d48f96029936607": "chooseProducts -> putIntoCart -> checkout -> selectVoucher -> choosePayment -> receivePackage -> fileComplaint -> requestRefund -> confirmRequest -> refund -> finishComplaint -> giveRating -> writeReview -> getShopeePoints",
    "257481291619f3666b10d05067529665": "chooseProducts -> putIntoCart -> checkout -> selectVoucher -> choosePayment -> receivePackage -> giveRating -> writeReview -> getShopeePoints",
    "657295046619f37524e17c0043285209": "chooseProducts -> putIntoCart -> checkout -> choosePayment -> uploadReceipt -> receivePackage -> fileComplaint -> requestChange -> confirmRequest -> change -> finishComplaint -> giveRating -> writeReview -> getShopeePoints",
    "310918009619f37e056a750049644160": "chooseProducts -> putIntoCart -> checkout -> choosePayment -> uploadReceipt -> receivePackage -> fileComplaint -> requestRefund -> confirmRequest -> refund -> finishComplaint -> giveRating -> writeReview -> getShopeePoints",
    "564075089619f386c6aeec3047478200": "chooseProducts -> putIntoCart -> checkout -> choosePayment -> receivePackage -> fileComplaint -> requestRefund -> confirmRequest -> refund -> finishComplaint -> giveRating -> writeReview -> getShopeePoints",
    "862487551619f3a70afbb78035824809": "chooseProducts -> putIntoCart -> checkout -> choosePayment -> uploadReceipt -> receivePackage -> giveRating -> writeReview -> getShopeePoints",
    "354609008619f3ae24b09f4001143073": "chooseProducts -> putIntoCart -> checkout -> choosePayment -> receivePackage -> giveRating -> writeReview -> getShopeePoints"
  },

  "trace": [
    "chooseProducts -> putIntoCart -> checkout -> selectVoucher -> choosePayment -> receivePackage -> writeReview -> giveRating -> getShopeePoints",
    "chooseProducts",
    "chooseProducts -> putIntoCart -> checkout -> selectVoucher -> choosePayment -> receivePackage -> fileComplaint -> requestRefund -> confirmRequest -> refund -> finishComplaint -> writeReview -> giveRating -> getShopeePoints",
    "chooseProducts -> putIntoCart -> checkout -> selectVoucher -> choosePayment -> uploadReceipt -> receivePackage -> fileComplaint -> requestRefund -> confirmRequest -> refund -> finishComplaint -> writeReview -> giveRating -> getShopeePoints",
    "chooseProducts -> putIntoCart -> checkout -> selectVoucher -> choosePayment -> uploadReceipt -> receivePackage -> fileComplaint -> requestChange -> confirmRequest -> change -> finishComplaint -> writeReview -> giveRating -> getShopeePoints",
    "chooseProducts -> putIntoCart -> checkout -> selectVoucher -> choosePayment -> receivePackage -> fileComplaint -> requestChange -> confirmRequest -> change -> finishComplaint -> writeReview -> giveRating -> getShopeePoints",
    "chooseProducts -> putIntoCart -> checkout -> selectVoucher -> choosePayment -> uploadReceipt -> receivePackage -> writeReview -> giveRating -> getShopeePoints",
    "chooseProducts -> putIntoCart -> checkout -> choosePayment -> receivePackage -> writeReview -> giveRating -> getShopeePoints",
    "chooseProducts -> putIntoCart -> checkout -> choosePayment -> uploadReceipt -> receivePackage -> writeReview -> giveRating -> getShopeePoints",
    "chooseProducts -> putIntoCart -> checkout -> choosePayment -> receivePackage -> fileComplaint -> requestRefund -> confirmRequest -> refund -> finishComplaint -> writeReview -> giveRating -> getShopeePoints",
    "chooseProducts -> putIntoCart -> checkout -> choosePayment -> uploadReceipt -> receivePackage -> fileComplaint -> requestRefund -> confirmRequest -> refund -> finishComplaint -> writeReview -> giveRating -> getShopeePoints",
    "chooseProducts -> putIntoCart -> checkout -> choosePayment -> receivePackage -> fileComplaint -> requestChange -> confirmRequest -> change -> finishComplaint -> writeReview -> giveRating -> getShopeePoints",
    "chooseProducts -> putIntoCart -> checkout -> choosePayment -> uploadReceipt -> receivePackage -> fileComplaint -> requestChange -> confirmRequest -> change -> finishComplaint -> writeReview -> giveRating -> getShopeePoints",
    "chooseProducts -> putIntoCart -> checkout -> selectVoucher -> choosePayment -> uploadReceipt -> receivePackage -> giveRating -> writeReview -> getShopeePoints",

    "chooseProducts -> putIntoCart -> checkout -> choosePayment -> receivePackage -> fileComplaint -> requestChange -> confirmRequest -> change -> finishComplaint -> giveRating -> writeReview -> getShopeePoints",

    "chooseProducts -> putIntoCart -> checkout -> selectVoucher -> choosePayment -> uploadReceipt -> receivePackage -> fileComplaint -> requestChange -> confirmRequest -> change -> finishComplaint -> giveRating -> writeReview -> getShopeePoints",
    "chooseProducts -> putIntoCart -> checkout -> selectVoucher -> choosePayment -> uploadReceipt -> receivePackage -> fileComplaint -> requestRefund -> confirmRequest -> refund -> finishComplaint -> giveRating -> writeReview -> getShopeePoints",
    "chooseProducts -> putIntoCart -> checkout -> selectVoucher -> choosePayment -> receivePackage -> fileComplaint -> requestRefund -> confirmRequest -> refund -> finishComplaint -> giveRating -> writeReview -> getShopeePoints",
    "chooseProducts -> putIntoCart -> checkout -> selectVoucher -> choosePayment -> receivePackage -> giveRating -> writeReview -> getShopeePoints",
    "chooseProducts -> putIntoCart -> checkout -> choosePayment -> uploadReceipt -> receivePackage -> fileComplaint -> requestChange -> confirmRequest -> change -> finishComplaint -> giveRating -> writeReview -> getShopeePoints",
    "chooseProducts -> putIntoCart -> checkout -> choosePayment -> uploadReceipt -> receivePackage -> fileComplaint -> requestRefund -> confirmRequest -> refund -> finishComplaint -> giveRating -> writeReview -> getShopeePoints",
    "chooseProducts -> putIntoCart -> checkout -> choosePayment -> receivePackage -> fileComplaint -> requestRefund -> confirmRequest -> refund -> finishComplaint -> giveRating -> writeReview -> getShopeePoints",
    "chooseProducts -> putIntoCart -> checkout -> choosePayment -> uploadReceipt -> receivePackage -> giveRating -> writeReview -> getShopeePoints",
    "chooseProducts -> putIntoCart -> checkout -> choosePayment -> receivePackage -> giveRating -> writeReview -> getShopeePoints"
  ]
}
